"","Test1","Test2"
"CTTGGTCATTTAGAGGAAGTAAAAGTCGTAACAAGGTCTCCGTTGGTGAACCAGCGGAGGGATCATTACCGAGTTTACAACTCCCAAACCCCTGTGAACATACCAATTGTTGCCTCGGCGGATCAGCCCGCTCCCGGTAAAACGGGACGGCCCGCCAGAGGACCCCTAAACTCTGTTTCTATATGTAACTTCTGAGTAAAACCATAAATAAATCAAAACTTTCAACAACGGATCTCTTGGTTCTGGCATCGATGAAGAACGCAGC",12,0
"CTTGGTCATTTAGAGGAAGTAAAAGTCGTAACAAGGTTTCCGTAGGTGAACCTGCGGAAGGATCATTACCGAGTGCGGGTCCTCGCGGCCCAACCTCCCACCCTTGTCTCTATACACCTGTTGCTTTGGCGGGCCCACTGGGGCCACCTGGTCGCCGGGGGACGCATGTCCCCGGGCCCGCGCCCGCCGAAGCGCTCTGTGAACCCTGATGAAGATGGGCTGTCTGAGTACCATGAAAATTGTCAAAACTTTCAACAATGGATCTCTTGGTTCCGGCATCGATGAAGAACGCAGC",6,3
"GTGAGTCATCGAGTCTTTGAACGCACATTGCGCCCCTCGGTATTCCGTGGGGCATGCCTGTTCGAGCGTCATCTACACCCTCAAGCTCTGCTTGGTGTTGGGCGTCTGTCCCGCCTCCGCGCGTGGACTCGCCCCAAATTCATTGGCAGCGGTCCTTGCCTCCTCTCGCGCAGCACATTGCGCTTCTCGAGGGGCTACGGCTCGCGTCCAACAAGCACATTTACCGTCTTTGACCTCGGATCAGGTAGGGATACCCGCTGAACTTAAGCATATCAATAAGCGGAGGA",0,8
"GTGAGTCATCGAGTCTTTGAACGCACATTGCGCCCCTTGGTATTCCATGGGGCATGCCTGTTCGAGCGTCATTTGTACCTTCAAGCTCTGCTTGGTGTTGGGTGTTTTGTCTCGCCTCCGCGCGCAGACTCGCCTTAAAACAATTGGCAGCCGGCGTATTGATTTCGGAGCGCAGTACATCTCGCGCTTTGCACTCATAACGACGACGTCCAAAAGTACATTTTTACACTCTTGACCTCGGATCAGGTAGGGATACCCGCTGAACTTAAGCATATCAATAAGCGGAGGA",0,7
"GTGAGTCATCGAGTCTTTGAACGCACATTGCGCCCCCTGGTATTCCGGGGGGCATGCCTGTTCGAGCGTCATTTCACCACTCAAGCCTCGCTTGGTATTGGGCAACGCGGTCCGCCGCGTGCCTCAAATCGACCGGCTGGGTCTTCTGTCCCCTAAGCGTTGTGGAAACTATTCGCTAAAGGGTGTTCGGGAGGCTACGCCGTAAAACAACCCCATTTCTAAGGTTGACCTCGGATCAGGTAGGGATACCCGCTGAACTTAAGCATATCAATAAGCGGAGGA",0,5
"GTGAGTCATCGAGTCTTTGAACGCATATTGCGCCCCTTGGTATTCCGGGGGGCACACCTGTTCGAGCGCCATTTAGACCCTCAAGCATAGCTTGTTGTTGGGCAAGGTCCCTTAAGGGACCAGCCCGTAACTTGTAGGCGGTCACCGACCTAATCTTCAGCGTAGCAAGCTCACGCATTCGCTCGGGAAAAGGCGCGTTTGACCCGTCAATCCAAACCACCCTTTTTTTTTTTTAAGGTTTGGCCTCGGATCAGGTGGGGATACCCGCTGAACTTAAGCATATCAATAAGCGGAGGA",4,0
"CTTGGTCATTTAGAGGAAGTAAAAGTCGTAACAAGGTCTCCGTTGGTGAACCAGCGGAGGGATCATTACCGAGTTTACAACTCCCAAACCCTTTGTGAACCTTACCTATCGTTGCTTCGGCGGGACCGCCCCGGCGCCTTCAAAACGCGCCGGAACAAGGCGCCCGCCGGAGGTATTCAAACTCTTGTTTTTTAGTGGTATCTCTGAGTGGCGAAAGCAAAAATGAATCAAAACTTTCAACAACGGATCTCTTGGTTCTGGCATCGATGAAGAACGCAGC",4,0
"CCTACGGGGGCAGCCGCGGTAATACGGAGGGTGCAAGCGTTATCCGGAATCACTGGGTTTAAAGGGTGCGTAGGCGGATAAATAAGTCAGAGGTGAAAGCTCCCAGCTTAACTGGGGAACTGCCTTTGATACTGTTTATCTTGAATTATGTTGAGGTTAGCGGAATGTGACATGTAGCGGTGAAATGCATAGATATGTCATAGAACACCAATTGCGAAGGCAGCTAGCTAGGCATATATTGACGCTGAGGCACGAAAGCGTGGGGAGCGAACAGGATTAGATACCCCTGTAGTC",4,0
"GTGAGTCATCGAGTCTTTGAACGCACATTGCGCCCCTTGGTATTCCATTGGGCATGCCTGTTCGAGCGTCATTTACACCCTCAAGCTCTGCTTGGTGTTGGGCGTCTGTCTCCGCTCCACGCGAGGACTCGCCCCAAATCCATTGGCAGCGACATCGTCGGCTTCTCGCGCAGCACATCGCGCAAGAGAAGGTCCCCGGCGGGCTCGCGATCATCAAGAAATCACCCAGTTTGACCTCGAATCAGGTAGGGATACCCGCTGAACTTAAGCATATCAATAAGCGGAGGA",0,4
"CATACGGGAGGCTGCAGCCGCGGTAATACGGGGGATGCAAGCGTTATCCGGAATCATTGGGCGTAAAGCGCCTGTAGGTTGTCTACTAAGTCTGTTGTTAAAGACTAGGGCTTAACCCTAGAAAAGCAATGGAAACTTGTAGACTAGAGTATGGCAGGGGTAGAGGGAATTTCTAGTGTAGCGGTGAAATGCGTAGATATTAGAAAGAACACCAGTGGCGAAAGCGCTCTACTGGACCATTACTGACACTCAGAGGCGAAAGCTAGGGTAGCAAAGGGGATTAGATACCCCAGTAGTC",3,0
"CATACGGGGGGCTGCAGCCGCGGTAATACGAAGGGGGCTAGCGTTGCTCGGAATCACTGGGCGTAAAGCGCACGTAGGCGGGTCTTTAAGTCAGGGGTGAAATCCTGGAGCTCAACTCCAGAACTGCCTTTGATACTGGAGACCTTGAGTTCGGGAGAGGTGAGTGGAACTGCGAGTGTAGAGGTGAAATTCGTAGATATTCGCAAGAACACCAGTGGCGAAGGCGGCTCACTGGCCCGATACTGACGCTGAGGTGCGAAAGCGTGGGGAGCAAACAGGATTAGATACCCGAGTAGTC",3,0
"CATACGGGTGGCTGCAGCCGCGGTAATACGGAGGATCCGAGCGTTATCCGGATTTATTGGGTTTAAAGGGTGCGTAGGCGGCCTATTAAGTCAGGGGTGAAAGACGGTAGCTTAACTATCGCAGTGCCTTTGATACTGATGGGCTTGAATGTACTTGAGGTAGGCGGAATGTGACAAGTAGCGGTGAAATGCATAGATATGTCACAGAACACCAATTGCGAAGGCAGCTTACTAAAGTATGATTGACGCTGAGGCACGAAAGCGTGGGGATCAAACAGGATTAGATACCCCTGTAGTC",0,3
"CTTGGTCATTTAGAGGAAGTAAAAGTCGTAACAAGGTTTCCGTAGGTGAACCTGCGGAAGGATCATTATTGAATTCATCTGCTGGGTTGTTGCTGGTTCCGTATGGTTCATGTGCACGCCTAGCTTTTGACTTTATCCCCTGTGCACTTTTGTAGTCGGCTTTTGTGTTAGGTCAAGTGTCTAGTATTAGAAATTTGACTGAGCATAGAGTTGTTCTACGTTTATACAAACCCATTGTATGTTCAGAAGTTTTTTATTGGTCGGAAGACCTTTAATCATAATACAACTATTGACAACGGATCTCTTGGCTCACGCATCGATGAAGAACGCAGC",2,0
"CATTCGGGTGAGGGTACCTGCGGAAGAAGCGCCGGCTAACTACGTGCCAGCAGCCGCGGTAATACGTAGGGCGCGAGCGTTATCCGGAATTATTGGGCGTAAAGAGCTCGTAGGCGGTTTGTCGCGTCTGCTGTGAAAGCCCGGGGCTCAACCCCGGGTCTGCAGTGGGTACGGGCAGGCTGGAGTGCAGTAGGGGAGACTGGAATTCCTGGTGTAGCGGTGAAATGCGCAGATATCAGGAGGAACACCGATGGCGAAGGCAGGTCTCTGGGCTGTAACTGACGCTGAGGAGCGAAAGCATGGGGAGCGAACAGGATTAGATACCCGAGTAGTC",2,0
"CATACGGGTGGCTGCAGCCGCGGTAATACGTAGGGTGCGAGCGTTGTCCGGAATTATTGGGCGTAAAGAGCTTGTAGGTGGTTTGTCGCGTCTGCTGTGAAAATCCGAGGCTCAACCTCGGACTTGCAGTGGGTACGGGCAGACTAGAGTGTGGTAGGGGAGACTGGAATTCCTGGTGTAGCGGTGGAATGCGCAGATATCAGGAGGAACACCGATGGCGAAGGCAGGTCTCTGGGCCATTACTGACACTGAGAAGCGAAAGCATGGGGAGCGAACAGGATTAGATACCCCGGTAGTC",2,0
"CATACGGGGGGCAGCAGCCGCGGTAATACGTAGGGTGCGAGCGTTGTCCGGAATTATTGGGCGTAAAGAGCTTGTAGGCGGTTTGTCGCGTCTGCTGTGAAAATCCGGGGCTCAACCCCGGACTTGCAGTGGGTACGGGCAGACTAGAGTGTGGTAGGGGAGACTGGAATTCCTGGTGTAGCGGTGAAATGCGCAGATATCAGGAGGAACACCGATGGCGAAGGCAGGTCTCTGGGCCACTACTGACGCTGAGAAGCGAAAGCATGGGGAGCGAACAGGATTAGATACCCGAGTAGTC",0,2
